"buildingID","case1_annual_h_wh","case2_annual_h_wh","case3_annual_h_wh","case4_annual_h_wh","case5_annual_h_wh","case6_annual_h_wh","case7_annual_h_wh","case8_annual_h_wh","case9_annual_h_wh","case10_annual_h_wh","case11_annual_h_wh","case12_annual_h_wh","case13_annual_h_wh","case14_annual_h_wh","case15_annual_h_wh","case16_annual_h_wh","case17_annual_h_wh","case18_annual_h_wh","case19_annual_h_wh","case20_annual_h_wh","case21_annual_h_wh","case22_annual_h_wh","case23_annual_h_wh","case24_annual_h_wh","case25_annual_h_wh"
"363100012076895","10677600","12748600","14962500","17321900","19834500","19306500","22540100","26005100","29684700","33582600","26696500","30944800","35439000","40206100","45308700","32852200","37905900","43256400","48923400","55025400","37955800","43726000","49796100","56300300","63201700"
"363100012078434","8715620","10360100","12111700","13976900","15958500","16210600","18794900","21551400","24476900","27565400","22517300","25918100","29501200","33286500","37336600","27751000","31795300","36064700","40559700","45403000","32082900","36704100","41545300","46708700","52181700"
"363100012130585","9768580","9768380","9768180","9767960","9767740","12158000","12157000","11818100","12155000","12952300","42055200","21590600","16067600","37735700","16063100","26934400","15856400","15853800","52925000","26917300","55801100","19064900","31876000","21975600","21971000"
"363100012125241","25862800","30630000","35718200","41108100","46830000","35175300","41102000","47447100","54153700","61257000","44130100","51184300","58727700","66682000","75104600","52686900","60833700","69491600","78632400","88323400","60779800","69972500","79691500","90026600","100930000"
"363100012107394","46567800","55373500","64761800","74738000","85337800","62740900","73735400","85496900","97927300","111166000","78414300","91561100","105607000","120368000","136186000","93578000","108773000","124965000","141944000","160201000","107914000","125150000","143358000","162729000","183257000"
"363100012105676","31384700","37184100","43372700","49940600","56908400","42700700","49943100","57703400","65896900","74587300","53614900","62264800","71516800","81262900","91604800","64073600","74082600","84729100","95946300","107878000","73975600","85289500","97261700","109977000","123425000"
"363100012081736","9177220","10888600","12714900","14654900","16712600","16983400","19667500","22531200","25558100","28759900","23505200","27040300","30754200","34669200","38874500","28914200","33108600","37527100","42166400","47196600","33350300","38156600","43155900","48512600","54174400"
"363100012082530","25526000","30255900","35306500","40661000","46359200","34738100","40605600","46894800","53541800","60594500","43593600","50568700","58035900","65906000","74260900","52049200","60107600","68666800","77691900","87305700","60043000","69140300","78742700","88948100","99746700"
"363100012098259","109576000","109575000","109575000","109575000","109574000","135398000","135396000","131709000","135393000","143981000","456961000","236657000","177616000","410742000","177609000","294244000","175320000","175316000","573961000","294216000","604614000","210131000","347639000","241547000","241539000"
"363100012217414","668939","668915","668891","668865","668839","881915","881867","851880","881765","953898","3462400","1715460","1229440","3037350","1229240","2182610","1207590","1207480","4397660","2181870","4570460","1488600","2613550","1747350","1747140"
"363100012106678","41608200","49482300","57881500","66816800","76367400","55424200","65160600","75552700","86593600","98375100","68742800","80297400","92647400","105613000","119599000","81611900","94897700","109047000","123857000","139911000","93717300","108759000","124591000","141475000","159392000"
"363100012064146","47463300","56448800","66029200","76221500","87054800","63901800","75079900","87056600","99717500","113178000","79796000","93132100","107404000","122386000","138431000","95140300","110549000","126950000","144151000","162647000","109634000","127098000","145506000","165109000","185880000"
"363100012149815","33095600","39382900","46076500","53193000","60734500","43993200","51795200","60127700","68933800","78294800","54483700","63818300","73754500","84102900","95328700","64729000","75476200","86882600","98710000","111682000","74294000","86555300","99333700","112976000","127453000"
"363100012111470","7479180","7478990","7478780","7478570","7478360","9221660","9221140","8971910","9220020","9800080","31007500","16069700","12072400","27859300","12070200","19968800","11916300","11915000","38946500","19960600","41036700","14267700","23580400","16391100","16388900"
"363100012083125","36809500","43775800","51198100","59088200","67466900","42068700","49770700","58001300","66706700","75965200","47253800","55667000","64690400","74192200","84319200","52362100","61502200","71257100","81517200","92468000","57345100","67148800","77617000","88676600","100429000"
"363100012108108","8720390","10367100","12120300","13988900","15973600","16214200","18800200","21559100","24488400","27581500","22533500","25924900","29508700","33308700","37351800","27758400","31798300","36070200","40592700","45422900","32109400","36710000","41561100","46721200","52199700"
"363100012101346","25776000","30584500","35726200","41213300","47066700","35142400","41129900","47570500","54379900","61643000","44188600","51328200","58971700","67061100","75664800","52847800","61096800","69871800","79163100","89052700","61047700","70355200","80213400","90716200","101824000"
"363100012123031","25876100","30659200","35758600","41166800","46921500","35221700","41148900","47506700","54228300","61334500","44192400","51246500","58795000","66747900","75166100","52756000","60902500","69554400","78678700","88361200","60849200","70042800","79749700","90062200","100943000"
"363100012109447","14095800","16785000","19649400","22697500","25929800","25441600","29597800","34049200","38757700","43743300","35003300","40466700","46216100","52277300","58808500","42980600","49445500","56268900","63431600","71235500","49507200","56925200","64633600","72920600","81680600"
"363100012137168","29653100","35229700","41172000","47476200","54184500","33914900","40072100","46646000","53589400","60983200","38117100","44831100","52019900","59595500","67658300","42248400","49532800","57293600","65465700","74166000","46282500","54078100","62402100","71194400","80515700"
"363100012116185","25361900","25361200","25360600","25359900","25359200","31136500","31134900","30336000","31131600","33069800","103420000","54240300","40594000","92668700","40587300","67284500","40107300","40103300","129823000","67258300","136361000","47785700","79347800","54851900","54844300"
"363100012076051","31637400","31636600","31635700","31634800","31633900","38971200","38969200","37941700","38964900","41417700","130759000","68132300","50980400","117321000","50971800","84636000","50350800","50345600","164185000","84602700","172732000","60152200","99902100","69116100","69106500"
"363100012075415","25187700","29822800","34771500","40028200","45616900","34270800","40028400","46202400","52733400","59658900","43013100","49863200","57196500","64940800","73137100","51360400","59270400","67686500","76576800","86005400","59262400","68181400","77632000","87667200","98269600"
"363100012139532","43255600","51355900","59982800","69126700","78839100","58167600","68223000","78964500","90300900","102349000","72553000","84519400","97303400","110726000","125045000","86407700","100219000","114910000","130314000","146803000","99511100","115133000","131619000","149138000","167673000"
"363100012082730","24221400","28688900","33434200","38458200","43808300","32954300","38493300","44415400","50666100","57292800","41323200","47929000","54975900","62375100","70247300","49348400","56978900","65068100","73554300","82617400","56901400","65545100","74619400","84270500","94440100"
"363100012095753","31279900","37217700","43547900","50259000","57391800","41640200","48929900","56736700","64964300","73715200","51607100","60249800","69461600","79121500","89466600","61250500","71160300","81683700","92687300","104559000","70304100","81513100","93272200","105796000","119041000"
"363100012143210","30330000","30329200","30328400","30327600","30326700","37354200","37352400","36349500","37348500","39686400","124454000","64898900","48823900","111760000","48816000","80533100","48183800","48179100","156043000","80502800","164106000","57611900","94993900","66132100","66123200"
"363100012081466","7480780","7480580","7480360","7480130","7479900","9226510","9225850","8975880","9224440","9805470","31055200","16086100","12082200","27901200","12079300","19992500","11925800","11924100","39005000","19981600","41109300","14282400","23609100","16408500","16405500"
"363100012070630","28229100","33505100","39124500","45089600","51426700","37457100","43920600","50830000","58132300","65886300","46330100","53958800","62112500","70664300","79808700","54865600","63609600","72913000","82660800","93122500","62911200","72765300","83147500","94191900","105867000"
"363100012085606","26895200","31948600","37329000","43041300","49124700","30762600","36338800","42295000","48589000","55288300","34574600","40653800","47168900","54033000","61340200","38319900","44919400","51951800","59357000","67240500","41977100","49041500","56584400","64550700","72994700"
"363100012109051","34730100","41309700","48319600","55776400","63735900","46335600","54437100","63111200","72284000","82057800","57541100","67142400","77402900","88192800","99741600","68354800","79386600","91126900","103451000","116687000","78557700","91020200","104154000","118136000","132941000"
"363100012089164","26155700","30997700","36138600","41611700","47422900","34829800","40760500","47099600","53796500","60889200","43130900","50145500","57627700","65454900","73832000","51113500","59154500","67686500","76600200","86192600","58603100","67678200","77198000","87322700","98024500"
"363100012085702","40511800","40509400","40506900","40504200","40501500","50039100","50032000","48646800","50016800","53176000","168636000","87153500","65572500","151475000","65541000","108311000","64666000","64647800","211627000","108193000","223065000","77527900","127849000","89042600","89009700"
"363100012103547","10464900","12486700","14641600","16936500","19370700","18938300","22089400","25462000","29035200","32819300","26125800","30287000","34662000","39276500","44257600","32149400","37083000","42289500","47746400","53721300","37086700","42754800","48646400","54987600","61698900"
"363100012081508","26814000","31738600","36987400","42545000","48440500","36491500","42586200","49118100","56000200","63293500","45765400","53021600","60764100","68913600","77545500","54632900","63002500","71877000","81221100","91148800","63003800","72452300","82406300","92979200","104128000"
"363100012092006","24506600","29026300","33834300","38939100","44352100","33284800","38921200","44959400","51322800","58059900","41708400","48462700","55673700","63207100","71262900","49816100","57632400","65919200","74580200","83884600","57442100","66315000","75620300","85521200","95975700"
"363100012133003","25480200","30226800","35306400","40729100","46513900","34723200","40623700","46970900","53690000","60851900","43648900","50671200","58192900","66169800","74629600","52172600","60280600","68907700","78065900","87775500","60259000","69386900","79077300","89393500","100304000"
"363100012079617","57749900","57749000","57748100","57747200","57746200","72398600","72396500","70565700","72392100","77431700","257965000","133971000","96545300","228659000","96536400","168009000","95588300","95582900","326497000","167974000","341504000","114386000","199450000","132638000","132628000"
"363100012087449","8684590","10322400","12066600","13923600","15894900","16167900","18742900","21489000","24403800","27481300","22458300","25850600","29422100","33191000","37231400","27685500","31717400","35972500","40442800","45278200","32003100","36615600","41437900","46585800","52042900"
"363100012067382","26833000","31875300","37248700","42949800","49021100","30688200","36255300","42200800","48483000","55171600","34488400","40559700","47062600","53916900","61211000","38225700","44814200","51834100","59228200","67098400","41874700","48925900","56457000","64410500","72842200"
"363100012205808","1175750","1175720","1175690","1175650","1175620","1548590","1548520","1494710","1548370","1671650","6146760","2988190","2155630","5488880","2155310","3806650","2121480","2121290","7815910","3805380","8259540","2623960","4565170","3073100","3072730"
"363100012196584","1741770","1741650","1741520","1741380","1741240","2268910","2268270","2202910","2266900","2451100","8901440","4501170","3135550","7752110","3132360","5723890","3095720","3093900","11332500","5711470","11765000","3759300","6841980","4414500","4411130"
"363100012148739","20754100","20753100","20751900","20750800","20749600","25738900","25736400","25057000","25731000","27410800","88217900","45856000","33903400","78786200","33892500","57164300","33493800","33487300","111008000","57121900","116518000","40069100","67595500","46174800","46162600"
"363100012206762","773990","773961","773930","773899","773866","1023300","1023240","985776","1023110","1105600","4013130","1958570","1427650","3554930","1427400","2491050","1399650","1399520","5083610","2490150","5320310","1737380","2983070","2034930","2034670"
"363100012115400","48872200","48869400","48866500","48863500","48860300","60667300","60660000","58896000","60644300","64524300","206386000","105707000","79855200","185810000","79822800","131520000","78653900","78634800","258897000","131396000","273287000","94733100","155378000","108879000","108843000"
"363100012126166","11065300","13172000","15420600","17813200","20358400","19961400","23221900","26713000","30410200","34324600","27462200","31743500","36251200","41005900","46126900","33716900","38781800","44129100","49749300","55859600","38839800","44645800","50685500","57177500","64038200"
"363100012124714","67717500","80328100","93732300","107969000","123090000","91718200","107445000","124271000","141997000","160866000","114582000","133509000","153609000","174502000","197251000","136778000","158612000","181709000","205654000","231980000","157361000","182337000","208232000","235970000","265323000"
"363100012245935","66984900","79541300","92919100","107115000","122191000","72554500","85849300","100006000","114998000","130940000","77958500","92049600","107013000","122688000","139604000","83547400","98353500","114026000","130343000","148099000","88837700","104428000","120754000","138142000","156544000"
"363100012143730","113255000","113253000","113250000","113248000","113245000","140882000","140876000","137109000","140864000","150162000","487424000","252104000","186182000","435798000","186158000","314675000","183959000","183944000","614230000","314580000","645663000","220549000","372564000","254435000","254408000"
"363100012072700","9640330","11441800","13361700","15403300","17570200","17874500","20712200","23742600","26941200","30328000","24748000","28491100","32426300","36575300","41033800","30438100","34881300","39566700","44493400","49830000","35096000","40190700","45495800","51185700","57198200"
"363100012071904","44806200","53223200","62167400","71645700","81741500","59850800","70220300","81274600","92959100","105404000","74314000","86599200","99709300","113451000","128217000","88258200","102375000","117389000","133088000","150042000","101369000","117340000","134134000","152017000","170961000"
"363100012080907","67879500","80558900","94043700","108357000","123532000","125458000","145130000","166087000","188214000","211595000","173142000","199107000","226249000","254565000","285406000","212913000","243568000","275777000","309125000","346034000","245023000","280446000","316745000","355763000","396929000"
"363100012079453","23963400","28357800","33041800","38010900","43305300","32607200","38064600","43906400","50087400","56647800","40919100","47409700","54355600","61685600","69455200","48859300","56354700","64330700","72745400","81679900","56370400","64828000","73781400","83293600","93337100"
"363100012129329","43535500","51604100","60197600","69318200","79009000","59309600","69374800","80154300","91545100","103638000","74509700","86532700","99397200","112947000","127350000","89085000","103000000","117817000","133408000","150026000","102871000","118622000","135286000","152985000","171704000"
"363100012068619","15958200","15958100","15957900","15957800","15957600","19803400","19803100","19292200","19802300","21106100","68258000","35521400","26130300","60953700","26128800","44314900","25843600","25842700","86029500","44309100","90307700","30894100","52451500","35646400","35644700"
"363100012123408","8655450","8655200","8654920","8654640","8654350","10873100","10871900","10536500","10869500","11595900","38247000","19266200","14477400","34458300","14471900","24094100","14250800","14247700","48116500","24073700","50932100","17294100","28564600","19947300","19941800"
"363100012136350","20738400","20737600","20736800","20735900","20735000","25848600","25846600","25127400","25842200","27550700","89597200","46072900","34200200","80170600","34191200","57519700","33745700","33740400","112840000","57485000","118694000","40567900","68101800","46788800","46778800"
"363100012102710","25604900","30312700","35328400","40645700","46290100","34857300","40687400","46932000","53523100","60502800","43724500","50669100","58076300","65872900","74145100","52208300","60217200","68712300","77649900","87167400","60205900","69258300","78786000","88914500","99595900"
"363100012126370","8895870","10572000","12359800","14261000","16281900","16462100","19082900","21876100","24838300","27967800","22792900","26227900","29845700","33675900","37766600","28030500","32110400","36417300","40959000","45845800","32363200","37022500","41905100","47112900","52631500"
"363100012081291","51172900","51171900","51170900","51169900","51168800","63010100","63007900","61379100","63003100","66980200","211538000","110499000","82415500","189497000","82405800","137289000","81436800","81431000","265878000","137252000","279434000","97171100","162085000","111689000","111679000"
"363100012081359","41210900","49028700","57392200","66294200","75797800","54889700","64586500","74946600","85940400","97674500","68117800","79631400","91943200","104870000","118804000","80921300","94166400","108274000","123037000","139047000","92960300","107972000","123760000","140607000","158473000"
"363100012149906","11838500","14113200","16538800","19127800","21878700","21418900","24964000","28761200","32782300","37050400","29533900","34200200","39119900","44316900","49912700","36298900","41831700","47678300","53838300","60524100","41849000","48189900","54804200","61919400","69443000"
"363100012079930","27888600","33065800","38579400","44425300","50632300","37979300","44438100","51348700","58640400","66374000","47683900","55406500","63654200","72317700","81533200","57003700","65943500","75437700","85406000","96039100","65803800","75936800","86610200","97952100","109923000"
"363100012110673","8377250","9928420","11581700","13336100","15197200","15573000","18002900","20596200","23332900","26225000","21551700","24754400","28116100","31648300","35454600","26504100","30299000","34295400","38475500","43029000","30544200","34899800","39416200","44254000","49368600"
"363100012064289","19912600","19912000","19911300","19910600","19909900","24667000","24665500","24032100","24662300","26274800","84649200","44106200","32482000","75533600","32475500","54986500","32116400","32112500","106648000","54961000","111915000","38356200","65036700","44223400","44216200"
"363100012080669","21921000","21920600","21920200","21919800","21919300","27111200","27110300","26425200","27108200","28873300","92662000","48432600","35649100","82612500","35645000","60354800","35257100","35254600","116784000","60338900","122426000","42051400","71376600","48475700","48471100"
"363100012095800","27699700","32803500","38240800","44010000","50140300","37663300","44033900","50859900","58070500","65706200","47231700","54873500","63033200","71567900","80696000","56456000","65300900","74684500","84492800","95035100","65127800","75177700","85714700","96931000","108768000"
"363100012101953","11095200","13207300","15460600","17861000","20414800","20012400","23283100","26785800","30496100","34425800","27531600","31828600","36352000","41121300","46263800","33805200","38887400","44252300","49888000","56023600","38938000","44767300","50825400","57340000","64225800"
"363100012074128","11108000","13225700","15483800","17888300","20444100","20029800","23304700","26812100","30526300","34457900","27555500","31853400","36381400","41160700","46302400","33826700","38913200","44284900","49936000","56071900","38969600","44796800","50866000","57386600","64280400"
"363100012064048","25874600","30621000","35665000","41019000","46714100","35246000","41116000","47402200","54044400","61085900","44226100","51209500","58672000","66542000","74873600","52795800","60860500","69423500","78451500","88032500","60897200","70001000","79608700","89813200","100580000"
"363100012112250","30916300","36773200","43011500","49635100","56664200","41155400","48392500","56115600","64279100","72949100","50971200","59620100","68797400","78344700","88700400","60577900","70497100","81007700","91865700","103800000","69477600","80814200","92547700","105102000","118362000"
"363100012149833","65337000","77303700","90056000","103577000","117971000","88868100","103685000","119562000","136324000","154085000","111390000","129049000","147882000","167654000","188718000","132975000","153322000","174893000","197513000","221740000","153230000","176286000","200441000","226155000","253259000"
"363100012100079","22820500","22819200","22817800","22816300","22814800","27843800","27838600","27140100","27827500","29523600","91465700","48136400","36082300","81900900","36058200","59581300","35636100","35622000","114605000","59489300","120446000","42304800","70111100","48469000","48443600"
"363100012144093","27796500","32962300","38458200","44297400","50502700","37066300","43394900","50163200","57314300","64896000","45950400","53432900","61420200","69802000","78746700","54492900","63077900","72190600","81742000","91982100","62524900","72210000","82389100","93217300","104653000"
"363100012119538","20984900","20984400","20983800","20983200","20982600","25855000","25853800","25161000","25851100","27474500","86473000","45024900","33817100","77626100","33811600","55911000","33380300","33377100","108512000","55890100","114135000","39920900","65985400","45847000","45841000"
"363100012100342","26838100","31767400","37008800","42566600","48473900","36558900","42671100","49217800","56121600","63443900","45869100","53169900","60950100","69127600","77822200","54800100","63230400","72163000","81535200","91554400","63199700","72753700","82775400","93435900","104676000"
"363100012121646","30849700","30848800","30847900","30846900","30845900","38334500","38332400","37259900","38327900","40814200","131386000","67624800","50555900","117979000","50546700","84273700","49877000","49871500","165150000","84238200","174003000","59946100","99680500","69021900","69011700"
"363100012088980","35087100","35085200","35083200","35081100","35079000","43681300","43675400","42416700","43662700","46507700","150311000","76969200","57676400","135013000","57649700","95945100","56835800","56820200","188786000","95843500","199079000","68449700","113460000","78804600","78776300"
"363100012193310","1278000","1277910","1277810","1277710","1277610","1681260","1680820","1626440","1679890","1816960","6711200","3312650","2340020","5912160","2337910","4222370","2305540","2304330","8539690","4214160","8946530","2830790","5057430","3322850","3320630"
"363100012111219","10409100","12387900","14494100","16733900","19106600","19440800","22555800","25875300","29390000","33107000","27044500","31132000","35449700","40025600","44902300","33313700","38183700","43335700","48793500","54627700","38514000","44064300","49919100","56159200","62780100"
"363100012126870","25775000","30510800","35551000","40894900","46574300","35075600","40930700","47204900","53827700","60840700","43999800","50958100","58395400","66233800","74526700","52514000","60543100","69065400","78055500","87585700","60566100","69619600","79179800","89329500","100037000"
"363100012142789","22338500","22337500","22336400","22335200","22334000","27460800","27458400","26739700","27453100","29168200","91663800","47841000","35844500","82161000","35833800","59382900","35394300","35387900","115105000","59341900","121036000","42236200","70051500","48491600","48479700"
"363100012080693","30255500","35958500","42031800","48477200","55333300","34623100","40923700","47654300","54761500","62330000","38926100","45806100","53175000","60936900","69201200","43163300","50636100","58597200","66976600","75903300","47300400","55304500","63849000","72874800","82445100"
"363100012073528","27505400","27505000","27504700","27504300","27503900","34211700","34210300","33211600","34207300","36410800","116915000","59781800","45127700","105364000","45121100","74449700","44467900","44464100","146809000","74424700","155075000","53629200","88049200","61683500","61676600"
"363100012151504","27648700","32799700","38280000","44100800","50294700","36882700","43191600","49939900","57072200","64644100","45742600","53198100","61160200","69528200","78450600","54254600","62808900","71897300","81438000","91649200","62270000","71914700","82068100","92868300","104277000"
"363100012125550","8185030","9694610","11304300","13018600","14849500","8917040","10516100","12222900","14034500","15968500","9630800","11320900","13124500","15027400","17067000","10343100","12120000","14012400","16001300","18139900","11033300","12893700","14871500","16966300","19193700"
"363100012117804","27997900","33326100","38983600","44996100","51376100","37342800","43908000","50936300","58349600","66233100","46351500","54166400","62501600","71228900","80609900","55087100","64076400","73629600","83604500","94402900","63294200","73494400","84192600","95589100","107660000"
"363100012132769","34876500","34875700","34875000","34874200","34873300","44160100","44158300","42958600","44154500","47324700","160904000","82494800","59415100","142688000","59407300","103788000","58739900","58735200","203835000","103757000","213452000","70761900","123452000","82237700","82229000"
"363100012150308","9984990","11906800","13950400","16123000","18426100","18726300","21775000","25026300","28471700","32114300","26125600","30145500","34396000","38902300","43710700","32231000","37032800","42116200","47510300","53278200","37293400","42774800","48561600","54741700","61297700"
"363100012144249","25674000","30381000","35411700","40752900","46429200","34884000","40734000","47003500","53629700","60657200","43746300","50700000","58142400","65999100","74313700","52204500","60230600","68768800","77786900","87350500","60212500","69257100","78842200","89016100","99774100"
"363100012086215","36687300","36686200","36684900","36683600","36682300","45588400","45585600","44305700","45579600","48533400","156291000","80340500","60116300","140341000","60104200","100129000","59304500","59297300","196551000","100082000","207176000","71304500","118446000","82092800","82079200"
"363100012139536","19847200","19846600","19846000","19845300","19844700","24604800","24603400","23965500","24600400","26210700","84542700","43968500","32415300","75434000","32409200","54830200","32041400","32037800","106564000","54806600","111841000","38298900","64871700","44160300","44153600"
"363100012119069","25581900","30293100","35318300","40662500","46345100","34796300","40646600","46920800","53562800","60607700","43669000","50628800","58084400","65962000","74298100","52140600","60179900","68736900","77782500","87369500","60166700","69228200","78838000","89044200","99828000"
"363100012086199","30145900","30145000","30144100","30143200","30142200","37263500","37261700","36229700","37257900","39616900","125417000","64910800","48877300","112749000","48869700","80665500","48209500","48205100","157362000","80637200","165724000","57829700","95255000","66439600","66431500"
"363100012102403","10518400","12545300","14708200","17018200","19481000","18947800","22081000","25435800","28997700","32771100","26120900","30214700","34543400","39140800","44048300","32082500","36940800","42082100","47534000","53383000","37031600","42564100","48389300","54621500","61230200"
"363100012092107","25463900","30204100","35274900","40688700","46464200","34688200","40580200","46916800","53621400","60770800","43596900","50606600","58115500","66074100","74519300","52103400","60197600","68809600","77946700","87640300","60171500","69285700","78958800","89253600","100146000"
"363100012217413","604857","604792","604722","604650","604576","797068","796941","769467","796669","861463","3125010","1544380","1110160","2743380","1109650","1964510","1089910","1089620","3964860","1962630","4125070","1344550","2351050","1577040","1576500"
"363100012098077","9036880","10753700","12583400","14533800","16606100","16755300","19458500","22346100","25409300","28647000","23271200","26836300","30592400","34559100","38812900","28690800","32930500","37407700","42116700","47209700","33167900","38018900","43095400","48520400","54270100"
"363100012124802","25443800","30156300","35188900","40533900","46204500","34603200","40454100","46737200","53365300","60389300","43399800","50378100","57833600","65676600","74019700","51835000","59883900","68427300","77420200","87024200","59777900","68879200","78459700","88659400","99429000"
"363100012091530","9231170","10946400","12772200","14708700","16764000","17129600","19813700","22671900","25692400","28883500","23688800","27228100","30936200","34827200","39035500","29137600","33326300","37735200","42335300","47373300","33563800","38389000","43368200","48715700","54362000"
"363100012067950","10504800","12530200","14692800","17001100","19463500","18927700","22061600","25417900","28982900","32758300","26110200","30201900","34534100","39140800","44045900","32073900","36934500","42080900","47548500","53393300","37038800","42565600","48399800","54635600","61249700"
"363100012139440","44133700","44132600","44131300","44130100","44128800","54770400","54767700","53342000","54761800","58360600","188754000","98055200","72240600","168535000","72228700","122307000","71416900","71409800","237914000","122261000","249874000","85410100","144730000","98510200","98497000"
"363100012091985","8743130","10391900","12149200","14018200","16001000","16244900","18830500","21587400","24511600","27598200","22557900","25944500","29521500","33315100","37347800","27772500","31804600","36067400","40581800","45398300","32115300","36704400","41544900","46693400","52156400"
"363100012068249","22270000","22269500","22269000","22268400","22267800","27355300","27354100","26656900","27351600","29061500","91219600","47806600","35697100","81731400","35692000","59330500","35283100","35280000","114586000","59310700","120424000","42037100","69993100","48277900","48272200"
"363100012225638","646007","645943","645874","645803","645730","850923","850798","822121","850528","919902","3349670","1658190","1185170","2939970","1184660","2110330","1164780","1164500","4255610","2108450","4429920","1434380","2526530","1683350","1682810"
"363100012110237","56563700","67381900","78907900","91142800","104141000","75380800","88836200","103196000","118407000","134598000","93602300","109692000","126850000","144808000","164201000","111373000","129937000","149698000","170283000","192677000","128089000","149230000","171406000","195048000","220137000"
"363100012091028","32349800","38385700","44809700","51624600","58876000","43125200","50510200","58407200","66748500","75604700","53455800","62174800","71485100","81265000","91695200","63376200","73373900","83994000","95138800","107072000","72717500","83982700","95841100","108454000","121781000"
"363100012149345","35001400","35000200","34998800","34997500","34996000","43452200","43449200","42179700","43442800","46216000","147583000","75550000","57203700","132991000","57190800","93981900","56344700","56337000","185186000","93932000","195539000","67916300","111061000","78051000","78036600"
"363100012066433","36398100","36396300","36394300","36392200","36390100","45234900","45230700","43886100","45221800","48108300","153962000","78516400","59598900","138990000","59581200","97703500","58686500","58676100","193085000","97635900","204213000","70848100","115470000","81401400","81381900"
"363100012206763","800634","800600","800564","800527","800489","1058340","1058270","1020110","1058100","1143710","4169970","2036050","1476860","3691000","1476510","2591380","1448840","1448640","5289550","2590070","5538180","1796070","3104300","2104820","2104440"
"363100012105301","25081000","29681300","34583400","39768800","45285200","34109500","39804200","45898300","52321700","59136300","42745600","49528100","56754900","64349600","72431900","51023200","58838200","67122500","75820300","85115000","58801400","67647100","76929500","86808000","97224700"
"363100012066434","47836100","56928100","66663400","77058300","88188300","52396500","62133600","72553200","83658300","95546900","56796100","67249100","78376400","90061800","102811000","61379000","72442400","84186500","96401700","109914000","65638700","77434900","89737900","102944000","116970000"
"363100012085946","9891190","9890530","9889830","9889090","9888340","12333900","12330800","11970300","12324100","13135000","42731600","21813300","16306000","38314200","16291200","27213600","16057600","16049100","53642500","27157100","56575800","19350700","32174400","22286900","22271500"
"363100012212613","2978810","2978680","2978550","2978420","2978280","3895020","3894520","3785300","3893480","4215100","15461600","7823870","5405730","13466000","5403390","9966700","5344450","5343130","19739100","9957650","20477600","6487630","11935800","7636260","7633800"
"363100012061962","20443200","20442700","20442200","20441700","20441200","26051000","26049900","25330700","26047600","27964600","96538200","49247800","35265600","85480400","35260900","62115300","34866100","34863300","122480000","62096800","128229000","42108900","73998600","49043600","49038400"
"363100012119033","9173490","10881700","12700700","14634100","16684200","16972900","19649800","22505500","25522800","28713500","23489200","27011100","30712900","34615300","38804700","28886000","33065000","37468600","42097700","47104800","33317500","38100900","43085900","48419400","54061500"
"363100012086677","8724490","10371700","12127000","13994900","15977300","16238200","18824700","21584100","24510800","27601800","22559900","25960100","29545000","33336000","37386000","27798500","31844100","36116600","40622700","45464300","32141700","36759800","41607600","46771800","52249700"
"363100012092248","9110850","10804100","12609500","14526200","16559900","16873300","19527500","22360100","25356100","28522400","23359200","26852300","30526300","34404200","38559300","28729000","32876900","37249300","41849400","46817000","33143600","37889800","42841700","48136500","53737600"
"363100012119428","35742500","42273200","49211900","56592600","64407800","48333400","56417400","65069200","74163400","83814700","60249700","69950900","80221100","90856400","102427000","71809200","82940400","94688400","106797000","120145000","82448600","95179900","108287000","122320000","137127000"
"363100012215795","641694","641563","641424","641279","641130","852262","851950","819125","851279","920211","3414580","1632450","1192650","3030010","1191260","2081450","1167020","1166220","4330610","2076060","4558800","1455380","2493440","1704460","1702910"
"363100012120247","28400400","33630200","39183600","45081900","51332000","38606700","45124200","52104400","59459600","67238100","48364400","56204300","64541300","73222100","82556500","57809000","66863700","76448500","86394600","97194600","66611000","76948900","87694200","99155500","111237000"
"363100012135747","9712660","11520800","13447100","15497200","17673800","17961600","20793800","23816800","27011300","30385000","24823000","28566800","32488500","36602800","41053200","30534300","34965900","39627700","44488300","49818400","35175500","40277800","45541400","51198700","57170800"
"363100012085111","32585600","38609200","45029100","51839400","59064600","44262500","51748200","59757800","68212000","77171900","55429300","64379700","73914500","83893600","94573000","66190300","76507800","87451500","98876400","111191000","76254200","87980200","100240000","113312000","127094000"
"363100012086617","41036900","48810000","57122600","65975800","75424100","54661100","64299000","74603200","85532900","97192500","67791400","79270400","91518000","104328000","118209000","80559600","93746400","107771000","122369000","138329000","92479500","107480000","123150000","139906000","157661000"
"363100012071090","30791500","36702200","43026000","49786900","57010000","41029000","48325600","56173200","64482400","73371200","51006400","59640100","68913600","78732800","89203300","60606000","70540900","81157700","92413300","104392000","69752600","80919500","92821500","105499000","118939000"
"363100012126526","10590700","12630100","14804500","17124900","19595200","19041900","22187300","25555500","29128700","32914300","26208300","30326500","34670500","39270700","44206200","32180200","37058800","42215500","47661000","53546300","37107600","42681900","48517500","54774600","61403000"
"363100012118146","27797100","27796500","27795900","27795300","27794700","34222300","34221000","33318300","34218200","36364700","114281000","59681000","44731900","102566000","44726200","74091000","44176000","44172500","143360000","74069000","150713000","52761900","87422200","60593700","60587300"
"363100012120675","35183500","41805000","48855100","56338200","64276400","46731200","54875100","63580000","72775100","82538900","57854700","67492800","77799600","88596600","100160000","68570300","79646300","91435400","103768000","117037000","78676900","91186900","104366000","118382000","133219000"
"363100012233193","976780","976728","976674","976619","976562","1283750","1283520","1243930","1283040","1388600","5129050","2552070","1787220","4500840","1786120","3253610","1763190","1762560","6538150","3249320","6826370","2157240","3898660","2535810","2534660"
"363100012107591","29812100","35331800","41217700","47460600","54070400","40578800","47445700","54810400","62568700","70789600","50916300","59131500","67889100","77072300","86874900","60859800","70338600","80394000","90924700","102239000","70195700","80954200","92231700","104244000","116930000"
"363100012115869","10949900","13078600","15351300","17775900","20350300","19785300","23120300","26696400","30487900","34503700","27336900","31750600","36401500","41311200","46611800","33669700","38913500","44456600","50287400","56647000","38869600","44897400","51179700","57944500","65110100"
"363100012068259","37922300","37921200","37920000","37918800","37917500","47065000","47062400","45702100","47056900","50064100","159946000","82004900","61959800","144126000","61948600","102048000","61061300","61054700","200746000","102005000","211945000","73552700","120620000","84549200","84536800"
"363100012095955","26719200","31616300","36828800","42344300","48203600","36365500","42428300","48910400","55743200","62984300","45607200","52813400","60497700","68588400","77165000","54432900","62743300","71554200","80829700","90688200","62760100","72139900","82021800","92516400","103591000"
"363100012137927","30922700","36823700","43128900","49868600","57062100","41208600","48489200","56306800","64586500","73448600","51210300","59821600","69061600","78847900","89282300","60825000","70730800","81317100","92529300","104467000","69981200","81114700","92985900","105615000","119007000"
"363100012218206","1668660","1668480","1668290","1668100","1667900","2192740","2192310","2110310","2191390","2360890","8582160","4120090","3040100","7707650","3038210","5237600","2981700","2980590","10871600","5230260","11537900","3708020","6270050","4326260","4324150"
"363100012116700","9286610","11014800","12855400","14811000","16888300","17243000","19951900","22842100","25895800","29120500","23855500","27438900","31192500","35122500","39379600","29358800","33599000","38061400","42705800","47806400","33817200","38708900","43746500","49158300","54869600"
"363100012132749","87781100","87777300","87773200","87769000","87764600","108973000","108964000","105769000","108947000","115891000","369497000","189210000","143437000","333046000","143402000","235307000","141261000","141241000","463343000","235178000","489184000","170309000","278008000","195677000","195640000"
"363100012082171","43537300","51751200","60501300","69791200","79634900","58570700","68793700","79720800","91251600","103510000","73064300","85274700","98309300","111946000","126588000","87079900","101180000","116161000","131811000","148708000","100267000","116285000","133091000","150997000","169958000"
"363100012064450","26294200","26293900","26293600","26293200","26292900","32531000","32530300","31697300","32528700","34642700","110653000","57918400","42769700","98713300","42766500","72130300","42278700","42276800","139253000","72117800","145872000","50460000","85267100","58141400","58137800"
"363100012112138","37088400","44085900","51547600","59475800","67893400","42363000","50102700","58376400","67133000","76435400","47528200","56015800","65087500","74621700","84827500","52667000","61878700","71688300","81956900","93006000","57608300","67534200","78055500","89196500","101010000"
"363100012131540","10476600","12497800","14655000","16959700","19418000","18878100","22005100","25355200","28913000","32681500","26042700","30126900","34450300","39045400","43940900","31995000","36845200","41980100","47430500","53264900","36947300","42464100","48283800","54504700","61103000"
"363100012064617","22797100","22796400","22795600","22794800","22794000","27992600","27990800","27275000","27987100","29732400","93159500","48859200","36506900","83482000","36499400","60622200","36076700","36072200","116901000","60592900","122803000","42972400","71491600","49340700","49332300"
"363100012129786","30294600","30292800","30291000","30289100","30287100","37240100","37236000","36259200","37227000","39550500","124250000","64846200","48600000","111362000","48581800","80485700","47987800","47977000","155981000","80415800","164036000","57263300","94927000","65733600","65713400"
"363100012088886","8692630","10332600","12079600","13939200","15915100","16183100","18762300","21513200","24433100","27518100","22492200","25886500","29464300","33244400","37289800","27727800","31765800","36029900","40521400","45358600","32061600","36677100","41514500","46670500","52138200"
"363100012064186","45588400","54138700","63228500","72873000","83141600","60842900","71392700","82657300","94564900","107224000","75504500","88036200","101417000","115415000","130454000","89656800","104073000","119401000","135405000","152689000","102959000","119292000","136441000","154697000","174032000"
"363100012106107","26796000","31714200","36949800","42488900","48374400","36291300","42379300","48893000","55762300","63033800","45363600","52616900","60353600","68447200","77095900","54072300","62427300","71283400","80549200","90505000","62234200","71698400","81606300","92166400","103311000"
"363100012125277","22433300","22432800","22432200","22431700","22431000","27374100","27371600","26698900","27366100","29038000","89942000","47473300","35497700","80545400","35485700","58770600","35094900","35087900","112826000","58724500","118526000","41637400","69199800","47733300","47720800"
"363100012069030","53390000","63499800","74256100","85693000","97822000","70826600","83284100","96608400","110676000","125622000","87607300","102408000","118207000","134729000","152510000","103862000","120877000","138962000","157824000","178275000","119140000","138422000","158648000","180195000","203037000"
"363100012166105","65284600","65283400","65282100","65280800","65279500","80772500","80769600","78603800","80763500","85948400","274118000","142286000","106121000","245600000","106108000","177085000","104779000","104772000","344705000","177037000","362398000","125460000","209301000","144373000","144359000"
"363100012095474","100643000","100641000","100640000","100638000","100636000","126029000","126025000","122891000","126017000","134782000","447577000","233373000","167895000","396122000","167879000","292552000","166270000","166261000","566349000","292490000","591421000","198674000","347178000","230356000","230339000"
"363100012061220","30545800","36178100","42165500","48501600","55228100","41426500","48411700","55881000","63757800","72096500","51857300","60173000","69060200","78387300","88294900","61830900","71437900","81631100","92352500","103763000","71249800","82097800","93537500","105694000","118529000"
"363100012150828","25325900","30035600","35072600","40450000","46184500","34527300","40380900","46676400","53335500","60435200","43406500","50373800","57832900","65736100","74127500","51885000","59929700","68485800","77557800","87190300","59920100","68982400","78590700","88820000","99638700"
"363100012096870","29514400","29512900","29511200","29509600","29507900","36474000","36470400","35458300","36462700","38769900","122948000","63541000","47827300","110487000","47811800","78970300","47164100","47154900","154276000","78910600","162544000","56566200","93231700","64981600","64964400"
"363100012114053","21916300","21915700","21915100","21914400","21913700","26940400","26939000","26244400","26936000","28621100","89909200","47065600","35172800","80599400","35166800","58420200","34756800","34753100","112870000","58396500","118631000","41440100","68920000","47594000","47587200"
"363100012207956","8161620","8161250","8160860","8160460","8160050","10604600","10602800","10314400","10598800","11458700","41585900","21154100","14635000","36215900","14625900","26900200","14476300","14471100","53046500","26864600","55041800","17513600","32171800","20581000","20571400"
"363100012151332","10559700","12593400","14763900","17080100","19547400","19036500","22188100","25564300","29149300","32944200","26257800","30386700","34749700","39374500","44322100","32273700","37173600","42356700","47837100","53742600","37257000","42846500","48716700","55003200","61667900"
"363100012143842","24547700","29080100","33929300","39070500","44536200","33433400","39052200","45076600","51445600","58196800","41986900","48651300","55785500","63329400","71296100","50134400","57823900","65997900","74643400","83792500","57852900","66508400","75680000","85407200","95695600"
"363100012074288","20342900","20341600","20340200","20338700","20337200","25282700","25279200","24594500","25271700","26931100","87278600","45073900","33366900","77983700","33351400","56241000","32942800","32933600","109900000","56181200","115534000","39498500","66540500","45533700","45516700"
"363100012109227","32363700","38404200","44826400","51651100","58912600","43157200","50552400","58462400","66822300","75702200","53523200","62255700","71587300","81402400","91857900","63472400","73494500","84147400","95343100","107306000","72859800","84147000","96050900","108708000","122082000"
"363100012214041","1703060","1702920","1702770","1702620","1702460","2218770","2218040","2153000","2216510","2396760","8727430","4394060","3065480","7604490","3061940","5585440","3022460","3020450","11103300","5571690","11530200","3672030","6673170","4311820","4308110"
"363100012097962","26396600","31287800","36499500","42022100","47879700","35884700","41973000","48488200","55368800","62655500","44994700","52270200","60035100","68179400","76870800","53759700","62156700","71077800","80419600","90451500","61982900","71522000","81528300","92187800","103437000"
"363100012124544","19715800","19715300","19714800","19714200","19713600","24403900","24402700","23780000","24400200","25992300","83575000","43605300","32110600","74525900","32105500","54353200","31749800","31746700","105322000","54333200","110444000","37896200","64284400","43689300","43683600"
"363100012131652","10509300","12535200","14698100","17006600","19469400","18942700","22079200","25438900","29007700","32787600","26134100","30235200","34575000","39183300","44100300","32114800","36985200","42140600","47605000","53469000","37085300","42630000","48471800","54720100","61347600"
"363100012117408","26959800","32138700","37658500","43529100","49764400","35795100","42163600","48992300","56198500","63869400","44374400","51904800","59979400","68479200","77531200","52639200","61309900","70549400","80281200","90667300","60506300","70270900","80622300","91615600","103280000"
"363100012074755","28720000","34033100","39687200","45671300","52023300","39101400","45728300","52815600","60295400","68218100","49056400","57003800","65475600","74342300","83814100","58653400","67851900","77601100","87788400","98733400","67662000","78128400","89080600","100742000","113036000"
"363100012087687","9150600","10851700","12667100","14593600","16635200","16942500","19606700","22449600","25453800","28627500","23442100","26946700","30631100","34515400","38682100","28824800","32982900","37365700","41970100","46952000","33241700","38004000","42964000","48271000","53882900"
"363100012136081","30541700","36252300","42326900","48771300","55621900","40746400","47750100","55235800","63140000","71534300","50521100","58817700","67661300","76928700","86854200","59946600","69461900","79561000","90119800","101502000","68785700","79545500","90823800","102841000","115536000"
"363100012099829","8717140","10362700","12115400","13977800","15954600","16228100","18813300","21569700","24491800","27578200","22540700","25947000","29530600","33308600","37364600","27786400","31834500","36104500","40588900","45441600","32112500","36749500","41589500","46756100","52230300"
"363100012130425","25643900","30336100","35333100","40635400","46292600","34856500","40661300","46871800","53430900","60393100","43679500","50575500","57931000","65667600","73897500","52115600","60054400","68468800","77316400","86763000","60042500","69012800","78435000","88461100","99028900"
"363100012120071","86563100","86562600","86562000","86561500","86560800","106125000","106122000","103462000","106117000","112713000","351750000","185182000","138229000","314999000","138217000","229647000","136659000","136651000","441552000","229601000","463453000","162545000","270789000","186605000","186593000"
"363100012131353","32758000","38798600","45220800","52022200","59243500","44527800","52018200","60033700","68482800","77432000","55810400","64736000","74266100","84274100","94902600","66612800","76923600","87864100","99352900","111592000","76805200","88460800","100740000","113777000","127534000"
"363100012107135","25280400","29947800","34928800","40240600","45890700","34404700","40200000","46425900","53019800","60017000","43175200","50089900","57486300","65284100","73579000","51586100","59562300","68045800","76978400","86520600","59508800","68529700","78043800","88172300","98865100"
"363100012114540","16369900","16369400","16369000","16368500","16367900","20322100","20321000","19789800","20318700","21655100","70119800","36404400","26816500","62630500","26811800","45421100","26510700","26507900","88353300","45402900","92799900","31716700","53757500","36588000","36582800"
"363100012143682","32243900","38292000","44730200","51556200","58816000","42823400","50209500","58099000","66430700","75277700","52978200","61677700","70964900","80717000","91115700","62734900","72695800","83276000","94380000","106264000","71929700","83138500","94944800","107495000","120761000"
"363100012065364","25121200","25120500","25119800","25119100","25118400","31608500","31607000","30607100","31603800","33712200","110877000","55736400","42139000","100093000","42132500","69678800","41450400","41446600","139348000","69653600","147507000","50431800","82616200","58148600","58141300"
"363100012135561","19362800","19362200","19361500","19360800","19360100","23973600","23972200","23358300","23969000","25533200","82143100","42824200","31547700","73257400","31541300","53379200","31190000","31186200","103507000","53354400","108564000","37234300","63132300","42923000","42915900"
"363100012120691","26551900","31455000","36681200","42223500","48109900","36153100","42237000","48759500","55641200","62940100","45374700","52630100","60376300","68541300","77196400","54201200","62584800","71480500","80854800","90824500","62545900","72019600","82010600","92630900","103842000"
"363100012099882","25150600","29984700","35136300","40615600","46432200","33395800","39340700","45712400","52434900","59592200","41371500","48423400","55959800","63859400","72340800","49103400","57206500","65827100","74848800","84590100","56393100","65565100","75207700","85482500","96372900"
"363100012104501","276611000","276607000","276603000","276598000","276594000","339995000","339982000","331322000","339955000","361298000","1136440000","595593000","443990000","1017660000","443933000","739543000","438853000","438819000","1427670000","739323000","1499580000","522900000","872714000","600796000","600735000"
"363100012141219","7372780","7372590","7372390","7372180","7371960","9093170","9092500","8847520","9091070","9664630","30620900","15877100","11908500","27493000","11905500","19734800","11756100","11754400","38463800","19723500","40520700","14073300","23305000","16170800","16167700"
"363100012151057","28268200","28266600","28264900","28263100","28261300","35003700","34999900","34024500","34991700","37225000","118666000","61237000","45983600","106602000","45967000","76169400","45348000","45338200","148958000","76105800","156976000","54419100","89959500","62553800","62535500"
"363100012078363","25072600","25071800","25071000","25070200","25069400","31063700","31061900","30245500","31058100","33076300","106160000","55217900","40885700","94885800","40877900","68798600","40399300","40394600","133586000","68768100","140273000","48318800","81348000","55666700","55658000"
"363100012245936","35883100","35882000","35880800","35879600","35878300","44557100","44553100","43309000","44544300","47432200","152443000","78548300","58711300","136790000","58692600","97835600","57904100","57893400","191480000","97765000","201641000","69549200","115652000","80058700","80039500"
"363100012245934","53839100","63776400","74387700","85637200","97592700","58658800","69208600","80492800","92413900","105098000","63364100","74566900","86528200","99046500","112527000","68179300","79994300","92538700","105637000","119809000","72781600","85236100","98342100","112289000","127033000"
"363100012102700","43287500","43286600","43285700","43284700","43283700","54011400","54009300","52512900","54004800","57588900","187798000","96554300","71550000","168199000","71540800","120595000","70637400","70631900","236603000","120559000","249056000","84944300","142847000","98014300","98004100"
"363100012149411","11107700","13224800","15484600","17892000","20449700","20034100","23311900","26820900","30536700","34473000","27561400","31864800","36396200","41175200","46324100","33839600","38930400","44304600","49953900","56096600","38981300","44816500","50886000","57412600","64309900"
"363100012105694","25724500","30454300","35497900","40861600","46544400","34949000","40800400","47089200","53720700","60736900","43800900","50755900","58202300","66048800","74352700","52234200","60266100","68789100","77797300","87337900","60224700","69265800","78827800","88981800","99712200"
"363100012108480","25735000","30501100","35588800","40991600","46732900","35049500","40969300","47316200","54029000","61150100","43993400","51052800","58599700","66536800","74992400","52570900","60720400","69378800","78462600","88210900","60632900","69874600","79578800","89909700","100832000"
"363100012092874","8796110","10454100","12219400","14096300","16084800","16394100","19001200","21777300","24719100","27826800","22743800","26194400","29806200","33589600","37697100","28048900","32134300","36434500","40906000","45830500","32367200","37082900","41944500","47157500","52674400"
"363100012128941","9179030","10888600","12711100","14646300","16700100","16991700","19672300","22534200","25559400","28757600","23518900","27049000","30760400","34673600","38874000","28926700","33115400","37531200","42172900","47193900","33364800","38161000","43159300","48508700","54165900"
"363100012084924","27464900","32509700","37885700","43595000","49661700","37415100","43690800","50401000","57486600","65013800","46972800","54452100","62430700","70823000","79761600","56138300","64764200","73925300","83544700","93835900","64759900","74526300","84801800","95733800","107275000"
"363100012109030","38814300","46128600","53912700","62163700","70928300","51626100","60601800","70193200","80319100","91074400","63937000","74562600","85900400","97778900","110496000","75815400","88005600","100961000","114508000","129097000","86989400","100763000","115236000","130639000","146941000"
"363100012082365","8685350","10325400","12071900","13931800","15906200","16178600","18757400","21508800","24427700","27509700","22488200","25883000","29460300","33240200","37282100","27725400","31763300","36026500","40515700","45351800","32061200","36675100","41510000","46665900","52132100"
"363100012132120","32574700","38659400","45125200","51990800","59302000","43422600","50864700","58820800","67233600","76165900","53838400","62619000","72004800","81878900","92392200","63829700","73904200","84617300","95879900","107907000","73259700","84601900","96572700","109297000","122745000"
"363100012065254","26307100","31189500","36400600","41936100","47812400","35768300","41865300","48404400","55312300","62644500","44890100","52185300","59986100","68193500","76932400","53662700","62101100","71074700","80509200","90601700","61933200","71504800","81590300","92328800","103674000"
"363100012195563","1621640","1621500","1621360","1621210","1621060","2115280","2114570","2054080","2113090","2287150","8351960","4226080","2926960","7246540","2923520","5374890","2887150","2885210","10631300","5361580","11005000","3501220","6422340","4116780","4113190"
"363100012119366","46217300","54906900","64167500","74000400","84432800","62191400","73022600","84619400","96864800","109843000","77566300","90539800","104399000","118857000","134399000","92457400","107456000","123385000","139977000","157945000","106444000","123513000","141385000","160422000","180572000"
"363100012064322","24917100","29574500","34530800","39784200","45375300","28505000","33643500","39121800","44909900","51072300","32034200","37639300","43627600","49935200","56664200","35500600","41581500","48047100","54853800","62115000","38883600","45390800","52324600","59650500","67433400"
"363100012086741","41113600","48914800","57260300","66139400","75613100","54774700","64449000","74785800","85750900","97445300","67951200","79463000","91752300","104613000","118530000","80752200","93978500","108051000","122720000","138717000","92722700","107755000","123484000","140294000","158107000"
"363100012065095","33045200","33045000","33044700","33044500","33044200","41506900","41506400","40275700","41505200","44304900","145464000","74125800","55283400","130480000","55281100","92698000","54476900","54475500","183094000","92688900","192772000","65903200","109911000","76096400","76093800"
"363100012135610","9079340","10806000","12644400","14602900","16682200","16810900","19525400","22423500","25499200","28748900","23350400","26918400","30685700","34677800","38934300","28771000","33020000","37511800","42262700","47353400","33272700","38120500","43220700","48659800","54427800"
"363100012135961","25906100","30696100","35806800","41257000","47061500","35269400","41230700","47632000","54413100","61618400","44273400","51401500","59021300","67045300","75607200","52930900","61158400","69906200","79097700","88960300","61068300","70397800","80208900","90671000","101712000"
"363100012086033","9121800","10818200","12627000","14548100","16586700","16913400","19572500","22410700","25411800","28580700","23410900","26916900","30598000","34471400","38639100","28800900","32957900","37336000","41924400","46908900","33210600","37979200","42931600","48235300","53841100"
"363100012109810","18839100","18838700","18838200","18837800","18837300","23344900","23343800","22746600","23341700","24870800","80142900","41789700","30751900","71504300","30747500","52099800","30412400","30409800","100989000","52082400","105961000","36316700","61629900","41878600","41873700"
"363100012110631","144334000","144332000","144330000","144328000","144325000","176097000","176092000","172221000","176082000","187117000","582125000","312125000","228687000","516292000","228666000","387079000","226720000","226708000","732822000","387000000","763965000","267203000","456283000","307212000","307189000"
"363100012122536","21337500","21337000","21336500","21335900","21335300","26328900","26327600","25611600","26325000","27984000","88318200","45861500","34482300","79358900","34477000","56972400","34027400","34024300","110811000","56951900","116645000","40751300","67257100","46808500","46802600"
"363100012146480","32629100","38912600","45612700","52740100","60307600","43357600","51099000","59398800","68162500","77488200","53798000","62952200","72776200","83130100","94138800","63847100","74399300","85651800","97523500","110158000","73438300","85312800","97933500","111326000","125541000"
"363100012095853","9055550","10770100","12596200","14542100","16610400","16851600","19541600","22411100","25460300","28682000","23400300","26947000","30675300","34606900","38838200","28848400","33055600","37495600","42150800","47214800","33326400","38150600","43179000","48554200","54255500"
"363100012089994","26994800","26993500","26992100","26990700","26989200","33612900","33608800","32681900","33600000","35815300","116475000","59937600","44432400","104206000","44413700","74827800","43856100","43845100","146676000","74755800","154369000","52678200","88575200","60741200","60721000"
"363100012217412","598545","598518","598490","598460","598430","789274","789221","761748","789107","853379","3082140","1525220","1099950","2705340","1099730","1939110","1079270","1079150","3906910","1938310","4057820","1332740","2320680","1563230","1563000"
"363100012149694","27430800","27430300","27429700","27429100","27428600","33794100","33792900","32896100","33790200","35913700","113040000","58953900","44199100","101475000","44193700","73206100","43646100","43642800","141828000","73185200","149153000","52160100","86394600","59910700","59904700"
"363100012149531","15586900","15585400","15583800","15582100","15580300","19478900","19471700","18882600","19456500","20740300","67901400","34406500","25792700","60983200","25759000","42952600","25376800","25357400","85169600","42825700","90069600","30668700","50783000","35311200","35276600"
"363100012071047","31069000","36956600","43223900","49874300","56937900","41429900","48683300","56437400","64618300","73317800","51384400","60016000","69203700","78792800","89140900","61058700","70963000","81477000","92393200","104301000","70078300","81352400","93094200","105625000","118882000"
"363100012143900","25097300","29724900","34667600","39930200","45529300","34133700","39882600","46053800","52589600","59527700","42821500","49678200","57009400","64745500","72969400","51151800","59062100","67473100","76335400","85795900","59000400","67946600","77381800","87428500","98032900"
"363100012102528","40426200","40426000","40425900","40425700","40425500","50904700","50904300","49379900","50903400","54364300","179537000","91258200","67961200","161188000","67959300","114234000","66970000","66968900","225995000","114227000","238130000","81129400","135523000","93736900","93734900"
"363100012105234","28031400","33162400","38626100","44407300","50545400","38173800","44538400","51342400","58516100","66121700","47918300","55480600","63555100","72067800","81077400","57218400","65947900","75217900","84989200","95352200","66018000","75860400","86269600","97311900","108967000"
"363100012109374","27220200","27219200","27218300","27217200","27216200","33851200","33849100","32841600","33844600","36011300","115184000","58814500","44628200","103859000","44619500","73186400","43936800","43931700","144456000","73153600","152552000","53057300","86502400","60984400","60975100"
"363100012091265","33499900","39876700","46678300","53925700","61635800","44624700","52492100","60928100","69856600","79343200","55398900","64731200","74727800","85232100","96469300","65810100","76545200","87987600","99978100","112890000","75629700","87773300","100577000","114202000","128649000"
"363100012137313","40068400","40067900","40067400","40066900","40066400","49135400","49134300","47878900","49131900","52172700","162976000","85400600","64001600","146224000","63996900","105897000","63249200","63246400","204633000","105879000","215215000","75349200","124882000","86470000","86464800"
"363100012104594","38116800","38116000","38115100","38114200","38113300","46978200","46974600","45720500","46966800","49926300","157719000","82033600","61470900","141568000","61453900","101903000","60685100","60675200","197937000","101839000","208343000","72559200","120268000","83354000","83336500"
"363100012207955","933487","933417","933343","933266","933188","1227610","1227370","1188220","1226870","1326940","4891270","2421340","1708640","4306440","1707540","3086300","1684530","1683910","6228340","3082060","6518050","2066850","3697980","2426920","2425770"
"363100012113196","64796900","64795300","64793600","64791800","64790000","79392800","79389700","77314700","79383000","84249400","261143000","136894000","103266000","234627000","103254000","169552000","101962000","101955000","327262000","169506000","344112000","121573000","199790000","139351000","139338000"
"363100012136492","226849000","226847000","226845000","226843000","226841000","278004000","278000000","270894000","277991000","295141000","915520000","481877000","361755000","821083000","361736000","597029000","357406000","357395000","1147900000","596958000","1205090000","425515000","703622000","488042000","488021000"
"363100012082582","11079500","13220100","15502400","17932700","20514000","19945400","23260500","26808700","30567300","34551400","27415800","31795300","36387300","41211000","46457800","33692100","38864200","44318500","50004500","56289800","38786300","44755100","50911000","57557000","64580600"
"363100012095594","58079800","58078700","58077600","58076400","58075200","71734600","71730500","69813800","71721900","76289600","242181000","125924000","94070200","217156000","94051500","156579000","92880600","92869600","304173000","156508000","319885000","111114000","184930000","127761000","127742000"
"363100012064925","11061900","13168600","15416300","17806600","20346500","19964900","23222200","26709300","30400900","34309100","27469300","31742000","36243500","40996700","46106500","33717800","38775400","44117100","49738100","55835900","38844500","44636800","50672700","57154800","64008300"
